#{"t_start": 1764232152.7326164, "env_id": "None"}
r,l,t
-761.32806,1944,1.021663
-200.0,1,1.025859
-666.6341,1822,1.265203
-200.0,1,1.268728
-200.0,1,1.271987
-745.29144,2178,1.60223
-200.0,1,1.606218
-791.87823,2272,1.911859
-200.0,1,1.915875
-768.9263,2296,2.24772
-200.0,1,2.251199
-200.0,1,2.254567
-200.0,1,2.257902
-894.28735,2207,2.600973
-200.0,1,2.604524
-200.0,1,2.607785
-935.2431,2298,2.912486
-200.0,1,2.915777
-200.0,1,2.91906
-495.2771,2862,3.338243
-753.1796,2382,3.91296
-200.0,1,3.916494
-200.0,1,3.919872
-384.1505,676,4.275553
-200.0,1,4.279052
-331.21362,535,4.545053
-200.0,1,4.548801
-200.0,1,4.553702
-362.4465,708,4.892203
-200.0,1,4.895945
-323.37042,531,5.148298
-200.0,1,5.152295
-338.392,586,5.435889
-200.0,1,5.441052
-395.07373,636,5.741524
-200.0,1,5.745184
-200.0,1,5.748623
72.90725,604,6.073147
-580.42896,1154,6.607036
-200.0,1,6.610848
-330.05936,587,6.862149
-200.0,1,6.86639
-200.0,1,6.870372
-356.8437,613,7.168487
-200.0,1,7.175845
-361.4763,553,7.456229
-200.0,1,7.462622
94.329285,518,7.727021
-979.941,1998,8.713671
-200.0,1,8.717996
-305.5093,501,8.982983
-200.0,1,8.986795
-409.64905,639,9.296609
-200.0,1,9.300694
-329.87054,543,9.595679
-200.0,1,9.599417
-200.0,1,9.602784
-341.05933,521,9.88264
-200.0,1,9.88857
-317.24603,432,10.138296
-200.0,1,10.14265
-348.57745,514,10.422234
-200.0,1,10.42817
-179.43942,1340,11.117571
-334.0025,472,11.370086
-200.0,1,11.374251
-341.84277,471,11.63407
-200.0,1,11.637862
-200.0,1,11.641392
-342.51788,612,11.971247
-200.0,1,11.975573
-309.36118,489,12.236616
-200.0,1,12.240693
-336.16217,555,12.525408
-200.0,1,12.529646
-519.7041,1167,13.173241
-200.0,1,13.177021
-309.2706,509,13.429321
-200.0,1,13.433216
-812.7398,1732,14.40614
-200.0,1,14.412251
-556.5457,978,14.93226
-200.0,1,14.936075
-505.4804,1182,15.49912
-200.0,1,15.503526
-304.60965,446,15.741405
-200.0,1,15.746881
-368.00177,575,16.0303
-200.0,1,16.034559
-332.53827,554,16.303786
-200.0,1,16.309441
-362.252,560,16.579585
-200.0,1,16.583638
-571.949,1107,17.133971
-200.0,1,17.138164
-343.66577,495,17.39262
-200.0,1,17.396868
-347.58197,511,17.677093
-200.0,1,17.68151
-307.08588,436,17.92573
-200.0,1,17.929803
-317.9203,497,18.156906
-200.0,1,18.164286
-290.427,465,18.407734
-200.0,1,18.411601
-332.1593,454,18.646792
-200.0,1,18.650635
-200.0,1,18.65429
-344.6374,575,18.928505
-200.0,1,18.934182
-406.44342,654,19.242389
-200.0,1,19.246218
-505.30325,1263,19.839075
-200.0,1,19.843008
-317.15,399,20.069783
-200.0,1,20.073599
-296.4458,449,20.288511
-200.0,1,20.29214
-531.5593,1004,20.771139
-200.0,1,20.777522
-286.68246,416,20.992811
-200.0,1,20.996716
-200.0,1,21.000148
-586.4169,1045,21.539756
-200.0,1,21.546784
-303.95154,424,21.766705
-200.0,1,21.771324
-552.30054,1027,22.350711
-200.0,1,22.354757
-200.0,1,22.358432
-200.0,1,22.362058
-342.32904,585,22.675694
-200.0,1,22.680255
-507.59634,1030,23.204698
-200.0,1,23.209943
-565.1776,1244,23.817883
-200.0,1,23.821476
-200.0,1,23.825192
-359.72736,545,24.098129
-200.0,1,24.103602
-1011.8451,2348,25.314884
-200.0,1,25.320753
-474.89966,931,25.828743
-200.0,1,25.83298
-288.9849,427,26.074861
-200.0,1,26.079265
-336.11023,498,26.329137
-200.0,1,26.33426
-507.70688,972,26.829383
-200.0,1,26.833593
-546.33765,916,27.331175
-200.0,1,27.334642
-200.0,1,27.338002
151.97203,348,27.54683
-287.44598,385,27.783012
-200.0,1,27.786963
-200.0,1,27.791007
-319.11243,550,28.06201
-200.0,1,28.065612
-200.0,1,28.069168
-317.01727,493,28.320647
-200.0,1,28.325052
-286.09305,429,28.542956
-200.0,1,28.547257
-290.64325,414,28.779908
-200.0,1,28.784049
-499.88425,898,29.271481
-200.0,1,29.277008
-288.39334,455,29.494256
-425.64575,969,29.987946
-200.0,1,29.993282
-504.39297,920,30.519808
-200.0,1,30.52363
9.145279,778,30.947822
-416.0497,692,31.311285
-200.0,1,31.314774
-200.0,1,31.318559
-375.80557,646,31.696099
-200.0,1,31.700414
-286.79352,423,31.96886
-200.0,1,31.974178
-637.07587,1307,32.749192
-200.0,1,32.753094
-389.76138,657,33.088811
-200.0,1,33.092929
-200.0,1,33.097216
-559.05255,1044,33.628052
-200.0,1,33.632124
-326.00623,471,33.885575
-535.96344,1008,34.416894
-200.0,1,34.421528
-993.0737,2191,35.517986
-200.0,1,35.522121
-469.76218,979,35.975096
-200.0,1,35.978925
-600.4026,1203,36.61373
-200.0,1,36.618782
-421.4053,888,37.068794
-200.0,1,37.072825
-200.0,1,37.076692
-269.42224,354,37.279422
-200.0,1,37.283782
-310.9743,392,37.498239
-200.0,1,37.502024
5.048584,701,37.880735
-604.80237,1105,38.476964
-200.0,1,38.480788
-200.0,1,38.484144
-555.1916,957,38.998598
-581.275,1020,39.567475
-200.0,1,39.571419
-295.9168,361,39.774431
-200.0,1,39.779068
-638.0446,1236,40.503364
-200.0,1,40.510418
-680.4689,1225,41.223836
-200.0,1,41.228384
-349.48297,502,41.558416
-200.0,1,41.56438
-272.79984,381,41.776139
-200.0,1,41.780517
-338.84094,461,42.069943
-200.0,1,42.074585
-335.45,475,42.361837
-200.0,1,42.365336
-302.54095,394,42.596966
-200.0,1,42.602086
94.52838,528,42.893863
-298.7614,328,43.109873
-200.0,1,43.114423
-278.4804,384,43.32454
-200.0,1,43.330284
-272.18726,342,43.556304
-200.0,1,43.559764
-287.94833,343,43.750673
-200.0,1,43.754527
-525.8877,847,44.301214
-200.0,1,44.30561
175.7686,255,44.47363
-789.99805,1516,45.383011
-200.0,1,45.387287
-303.23172,392,45.620289
-200.0,1,45.624948
-258.09277,343,45.82588
-200.0,1,45.829649
-309.99042,354,46.066711
-200.0,1,46.070808
-344.12787,490,46.339622
-200.0,1,46.344625
-308.19373,380,46.583412
-200.0,1,46.587602
-465.60016,823,47.053282
-200.0,1,47.060302
-484.74084,859,47.573495
-200.0,1,47.577787
-374.6087,598,47.915945
-200.0,1,47.922518
-559.31744,1092,48.569744
-200.0,1,48.573504
-472.9741,731,49.034804
-200.0,1,49.038625
-200.0,1,49.042398
-273.56927,354,49.288985
-200.0,1,49.293767
-301.10226,375,49.530646
-200.0,1,49.536225
-285.3755,442,49.783731
-200.0,1,49.788144
-200.0,1,49.791692
-305.9224,419,50.069788
-200.0,1,50.073823
-370.85248,565,50.374749
-200.0,1,50.379173
-530.52484,1099,50.963053
-200.0,1,50.968725
-329.8852,438,51.270949
-200.0,1,51.275602
-299.08005,360,51.484466
-200.0,1,51.490742
-677.69574,1265,52.272151
-200.0,1,52.276595
-495.83017,875,52.798639
-200.0,1,52.803387
-520.7762,843,53.312279
-200.0,1,53.316575
-550.06445,979,53.948286
-200.0,1,53.953233
-692.54047,1443,54.776862
-297.09024,356,55.00374
-200.0,1,55.00762
-282.59436,431,55.255316
-200.0,1,55.25957
-289.3742,363,55.482162
-200.0,1,55.485987
-416.4942,739,55.921285
-200.0,1,55.925295
-329.08344,475,56.240118
-200.0,1,56.24486
-277.03506,373,56.466474
-200.0,1,56.470477
-282.6756,409,56.722605
-200.0,1,56.727081
-438.78146,1026,57.43348
-200.0,1,57.439205
-456.21756,832,57.938457
-200.0,1,57.942786
-332.54987,392,58.179807
-200.0,1,58.183338
-268.02292,279,58.392195
-200.0,1,58.395998
156.9389,342,58.596641
-524.0326,940,59.16758
-200.0,1,59.17194
-429.56152,809,59.642928
-200.0,1,59.646801
-502.78677,879,60.184244
-200.0,1,60.189109
90.35839,528,60.532056
-396.88858,748,60.991746
-200.0,1,60.999025
-281.40344,381,61.23169
-200.0,1,61.235863
-502.33502,802,61.768392
-200.0,1,61.772682
-200.0,1,61.777225
-363.34143,542,62.163986
-200.0,1,62.16949
-315.18585,427,62.454821
-200.0,1,62.45915
-200.0,1,62.462948
-270.35364,391,62.690839
-200.0,1,62.698002
-247.36876,348,62.909274
-200.0,1,62.913498
-295.95187,347,63.15237
-200.0,1,63.156421
-200.0,1,63.160803
-269.79517,313,63.366344
-366.7862,746,63.844987
-200.0,1,63.850812
-516.74756,864,64.410722
-200.0,1,64.415076
-459.3823,750,64.874558
-271.3291,297,65.084612
-200.0,1,65.089132
-489.20724,842,65.623166
-309.1139,372,65.861005
-200.0,1,65.866596
-259.94397,334,66.104344
-200.0,1,66.108371
-886.3427,1736,67.156291
-200.0,1,67.161975
-617.80963,1248,67.906956
-200.0,1,67.911782
-632.7864,1119,68.577742
-200.0,1,68.581733
-254.12271,332,68.775185
-200.0,1,68.779588
-646.2703,1286,69.555298
-200.0,1,69.559094
-302.3067,343,69.769882
-200.0,1,69.774045
-305.69467,411,70.030165
-200.0,1,70.034384
-253.23854,341,70.248326
-200.0,1,70.252333
-326.99557,395,70.497658
-200.0,1,70.502242
-566.2271,1027,71.152145
-200.0,1,71.157962
-309.502,409,71.401536
-200.0,1,71.405227
-317.63077,391,71.644525
-200.0,1,71.648737
-200.0,1,71.652001
-344.49417,642,72.058566
-200.0,1,72.062582
-200.0,1,72.065756
-308.59637,414,72.30545
-200.0,1,72.309706
-533.6487,951,72.901152
-200.0,1,72.905138
-285.48224,296,73.096479
-200.0,1,73.100811
-354.39215,710,73.530806
-200.0,1,73.534719
-466.63043,771,73.975756
-200.0,1,73.980003
-463.05038,811,74.468412
-200.0,1,74.47217
-200.0,1,74.476024
-533.3456,830,74.998864
-200.0,1,75.003569
-348.82227,651,75.403473
-200.0,1,75.407242
-946.8357,2011,76.619752
-200.0,1,76.624249
-361.0386,462,76.901956
-200.0,1,76.90809
-559.6083,1153,77.631358
-200.0,1,77.635324
-242.8809,359,77.850431
-200.0,1,77.85468
-342.50055,551,78.205175
-200.0,1,78.209307
-599.84326,1250,78.966677
-200.0,1,78.971529
-464.19263,897,79.513084
-200.0,1,79.517173
-273.5255,337,79.750957
-200.0,1,79.754938
-259.21317,339,79.95941
-200.0,1,79.963962
-305.7876,395,80.212847
-200.0,1,80.217218
-350.45746,707,80.664776
-200.0,1,80.668681
-537.46375,1030,81.302566
-200.0,1,81.308738
-360.39087,761,81.78954
-200.0,1,81.793555
-265.815,330,82.017387
-200.0,1,82.021164
47.84114,927,82.602126
-626.37775,1188,83.301102
-200.0,1,83.30544
-348.47687,667,83.690749
-200.0,1,83.694724
-464.74033,747,84.162597
-200.0,1,84.167115
-241.97618,276,84.344567
-200.0,1,84.348614
-309.44702,378,84.589272
-200.0,1,84.59547
-254.45029,335,84.815099
-200.0,1,84.820416
-382.30383,655,85.224298
-200.0,1,85.228716
-646.69305,1222,86.009308
-200.0,1,86.017374
-316.6801,584,86.393995
-200.0,1,86.39803
-313.765,371,86.661257
-200.0,1,86.665299
-305.15823,383,86.90782
-200.0,1,86.91176
-466.08676,1183,87.620963
-200.0,1,87.624889
-200.0,1,87.628272
-280.55627,486,87.918009
-200.0,1,87.921709
-306.36234,631,88.316351
-200.0,1,88.321591
-620.6305,1060,89.164249
-200.0,1,89.168021
-200.0,1,89.172006
-281.90973,325,89.391446
-200.0,1,89.395608
-302.59598,556,89.794925
-200.0,1,89.798792
-460.81622,758,90.258171
-200.0,1,90.263381
148.36008,431,90.534404
-334.77643,588,90.938405
-200.0,1,90.943655
-849.2016,1852,92.190247
-200.0,1,92.194407
-247.98311,282,92.401466
-200.0,1,92.405631
84.680435,663,92.887308
-261.13254,276,93.076986
-270.57675,276,93.296839
-200.0,1,93.300726
-236.38138,259,93.465191
-200.0,1,93.469432
-318.10944,556,93.882132
-200.0,1,93.886512
-280.03735,342,94.091831
-200.0,1,94.096146
-235.34262,255,94.309018
-200.0,1,94.313532
-200.0,1,94.317
-314.32947,390,94.561857
-200.0,1,94.565931
-200.0,1,94.569978
-373.0252,626,94.989822
-319.8242,363,95.249203
-239.79774,253,95.434941
-232.74344,248,95.613307
-200.0,1,95.617203
-539.5215,1175,96.396715
-200.0,1,96.400775
-268.20538,294,96.586448
-200.0,1,96.592788
-447.4118,709,97.056194
-200.0,1,97.059955
-271.16205,254,97.25588
-256.72626,344,97.491717
-200.0,1,97.495708
-200.0,1,97.499741
-727.44617,1678,98.691093
-200.0,1,98.696358
-257.47232,295,98.888896
-200.0,1,98.893193
-303.0855,601,99.301226
-200.0,1,99.306633
-253.39058,293,99.506581
-200.0,1,99.510766
-300.31174,328,99.756859
-200.0,1,99.762612
-270.79248,351,99.999244
-200.0,1,100.003714
-272.1572,282,100.218698
-200.0,1,100.222416
-680.5792,1219,101.039314
-200.0,1,101.043631
-436.214,785,101.573151
-200.0,1,101.5773
-256.9328,271,101.801086
-200.0,1,101.805738
-388.1037,617,102.268646
-200.0,1,102.27276
-597.2969,1083,102.994051
-200.0,1,102.998187
-285.02432,303,103.208848
-283.17487,311,103.412099
-316.66483,385,103.683347
-200.0,1,103.688845
49.99028,847,104.221477
187.96207,248,104.381064
-616.4447,1327,105.354429
-200.0,1,105.359784
-272.26923,288,105.552553
-200.0,1,105.556682
-261.2279,255,105.746487
-200.0,1,105.751316
-457.8865,795,106.313102
-200.0,1,106.318035
-990.6309,2243,107.936023
-200.0,1,107.940028
-200.0,1,107.943564
-250.4021,373,108.197274
-200.0,1,108.203484
135.69144,484,108.522568
-335.02042,588,108.920495
-200.0,1,108.924504
-317.9697,587,109.34698
-200.0,1,109.351165
-314.02835,355,109.607309
-200.0,1,109.611972
-791.4389,1573,110.690819
-200.0,1,110.695123
-244.34471,287,110.8846
-200.0,1,110.889221
-641.75354,1202,111.655149
-200.0,1,111.659739
-241.57173,242,111.851546
-200.0,1,111.856227
-303.93912,483,112.222764
-200.0,1,112.226979
-335.0643,416,112.481938
-200.0,1,112.485588
-369.28815,631,112.91169
-200.0,1,112.917151
-420.84702,930,113.528485
-200.0,1,113.532458
-259.89258,291,113.736672
-200.0,1,113.740098
-200.0,1,113.743432
-423.1626,679,114.175494
-200.0,1,114.179388
-277.01672,292,114.358377
-200.0,1,114.362762
-315.7035,672,114.791802
-200.0,1,114.796777
-537.8131,996,115.517266
-200.0,1,115.521618
-288.31976,312,115.732566
-200.0,1,115.736995
-764.88776,1598,116.846892
-200.0,1,116.852071
124.996735,715,117.449663
-272.64926,266,117.653568
-200.0,1,117.65917
-491.90427,952,118.401843
-200.0,1,118.409633
-451.39734,772,119.015314
-200.0,1,119.019957
-323.06128,386,119.329616
-200.0,1,119.336486
178.05977,294,119.534583
-397.94897,556,119.963753
-200.0,1,119.967666
-314.3413,647,120.42595
-200.0,1,120.431573
-600.4076,1345,121.493398
-200.0,1,121.498604
-273.54193,331,121.722921
-200.0,1,121.726799
-200.0,1,121.730473
-287.21777,318,122.007562
-200.0,1,122.013862
-526.7852,1051,122.756894
-200.0,1,122.761719
-200.0,1,122.76579
-251.38345,295,123.00077
-200.0,1,123.005082
-237.74756,242,123.219098
-200.0,1,123.222861
-371.21634,566,123.647585
-200.0,1,123.65263
-269.15503,284,123.843144
-200.0,1,123.846901
-325.9007,400,124.098843
-200.0,1,124.103586
-365.47803,523,124.499148
-200.0,1,124.504064
34.851227,915,125.131214
-387.38498,639,125.638391
-200.0,1,125.644823
-239.27246,231,125.830821
-200.0,1,125.835539
-282.52145,309,126.042853
-200.0,1,126.047208
-290.4384,561,126.431888
-294.54767,552,126.841885
-399.8568,684,127.367565
-200.0,1,127.371464
-249.5813,257,127.567222
-200.0,1,127.572379
148.55795,319,127.803994
-293.92825,532,128.239097
-200.0,1,128.243876
-255.40767,257,128.43292
-200.0,1,128.43706
-471.9145,814,128.963997
-200.0,1,128.969581
-449.44843,778,129.459903
-200.0,1,129.464722
-267.58804,313,129.675698
-200.0,1,129.679596
-273.67322,431,130.05803
-200.0,1,130.062201
-272.01404,543,130.444152
-200.0,1,130.448005
-272.86484,265,130.623057
-200.0,1,130.626899
-200.0,1,130.631339
-374.75476,563,131.000068
-200.0,1,131.005347
-344.85138,576,131.438128
-291.9618,307,131.652324
-200.0,1,131.657096
-447.64166,706,132.126714
-200.0,1,132.131637
-279.97308,291,132.32725
-200.0,1,132.331825
99.80363,500,132.688895
-278.9689,261,132.887326
-200.0,1,132.891544
-385.12366,855,133.516461
-200.0,1,133.520441
-298.17114,346,133.762849
-200.0,1,133.769773
-289.82812,338,134.058654
-200.0,1,134.063266
-256.04337,269,134.28396
-200.0,1,134.288007
-417.8246,999,134.944978
-200.0,1,134.949028
-320.32318,471,135.236473
-200.0,1,135.241164
-265.62283,398,135.510188
-337.38803,437,135.79288
-200.0,1,135.796285
-200.0,1,135.800106
-260.12463,317,136.029541
-200.0,1,136.036162
-475.31686,812,136.60526
-200.0,1,136.609114
-200.0,1,136.613478
-262.4076,282,136.801958
-200.0,1,136.806155
-246.59991,359,137.051525
-200.0,1,137.05587
-479.29495,1038,137.841218
-473.60516,1037,138.555501
-200.0,1,138.559509
-200.0,1,138.563513
-380.52484,947,139.213578
-200.0,1,139.218194
106.06415,458,139.554886
-261.24973,308,139.781517
-200.0,1,139.78582
-338.7164,439,140.084463
-200.0,1,140.08923
-298.32437,363,140.358257
-386.40942,688,140.861917
-287.5648,372,141.120683
-200.0,1,141.124875
-263.61566,281,141.335703
-200.0,1,141.339792
-247.41379,269,141.54227
-200.0,1,141.546077
-200.0,1,141.549474
-338.43823,452,141.881375
-200.0,1,141.885916
-284.541,627,142.301815
-200.0,1,142.307006
-305.5832,568,142.740804
-200.0,1,142.746738
-460.61566,837,143.289418
-200.0,1,143.29374
-502.21832,1158,144.05613
-200.0,1,144.060373
-267.1166,383,144.357212
-200.0,1,144.361801
-522.17065,1043,145.074145
-200.0,1,145.077939
130.32866,404,145.353019
-246.44951,269,145.548379
-200.0,1,145.552343
165.79831,369,145.798065
-597.84863,1409,146.736291
-200.0,1,146.740488
-200.0,1,146.747248
-326.39905,673,147.170821
-360.61395,606,147.591339
-200.0,1,147.5976
-412.62134,633,148.067776
-548.558,1129,148.788605
-200.0,1,148.793842
-305.05502,401,149.050506
-398.67798,650,149.495326
-200.0,1,149.499791
-265.59283,281,149.707895
-200.0,1,149.713488
128.87567,460,150.052977
-296.2431,490,150.429002
-200.0,1,150.433162
-364.1305,441,150.76001
-290.34677,309,150.998538
-200.0,1,151.002347
-235.4694,295,151.195604
-200.0,1,151.200683
-284.1149,639,151.668525
-200.0,1,151.673033
78.66606,866,152.317968
-411.80408,595,152.75206
-200.0,1,152.757107
140.50731,454,153.088055
-336.43478,523,153.458483
-200.0,1,153.462257
-415.95032,666,153.932391
-200.0,1,153.936672
-403.81317,981,154.593412
-200.0,1,154.597468
-646.964,1208,155.415994
-200.0,1,155.421455
-273.26816,269,155.604614
-200.0,1,155.609143
-380.3625,563,156.017457
-200.0,1,156.021766
-372.77023,587,156.404514
-200.0,1,156.408211
-256.0241,306,156.6097
-200.0,1,156.613637
-200.0,1,156.61706
145.45326,535,157.003675
-448.38214,746,157.523248
-200.0,1,157.527619
-290.8302,356,157.768293
-200.0,1,157.77211
-632.6461,1281,158.623647
-200.0,1,158.627599
-228.8543,253,158.829511
-200.0,1,158.833662
-297.59235,371,159.092555
-200.0,1,159.097187
-605.02,1098,159.930083
-200.0,1,159.935808
105.19074,744,160.455399
153.60805,460,160.748548
-366.74454,492,161.151526
-200.0,1,161.156593
-334.2209,585,161.602402
-200.0,1,161.607057
-257.4873,263,161.806196
-200.0,1,161.810444
-376.69943,653,162.24599
-200.0,1,162.25083
-284.57715,331,162.468715
-200.0,1,162.472773
-673.36597,1239,163.341336
-200.0,1,163.345237
-523.11835,813,163.867783
-200.0,1,163.874628
-355.0182,505,164.250509
-200.0,1,164.254339
-293.4958,339,164.513384
-200.0,1,164.518214
-200.0,1,164.521588
191.15924,220,164.702669
-234.46017,234,164.887436
-200.0,1,164.891974
-660.3894,1275,165.793451
-200.0,1,165.796993
141.07841,341,166.039427
-409.85483,670,166.531507
-200.0,1,166.535594
-348.80792,588,166.945532
-200.0,1,166.949951
-432.2682,699,167.464298
-200.0,1,167.468785
-246.5145,266,167.678751
-200.0,1,167.683146
-443.43857,1001,168.405237
-200.0,1,168.409427
-323.20383,431,168.694883
-200.0,1,168.699485
-312.62704,351,168.94107
-200.0,1,168.94576
-297.30722,325,169.198233
-200.0,1,169.203372
119.599236,349,169.428506
-297.28958,559,169.85739
-200.0,1,169.861505
121.84636,369,170.14266
-408.52686,713,170.718449
-200.0,1,170.722474
-200.0,1,170.726238
-378.1496,639,171.157859
-200.0,1,171.162806
-345.2684,734,171.623167
-200.0,1,171.627288
171.11908,335,171.845927
-263.99408,344,172.059333
-200.0,1,172.064228
-324.77692,691,172.50285
-200.0,1,172.506916
-480.5916,895,173.083542
-200.0,1,173.087232
-604.197,1414,173.953377
-327.90836,457,174.259953
-200.0,1,174.264046
-324.9987,667,174.668563
-200.0,1,174.673357
-445.706,703,175.129624
-200.0,1,175.134248
-295.60547,336,175.346761
-200.0,1,175.351182
-321.33868,582,175.71223
-200.0,1,175.715774
41.43477,957,176.311816
-330.38696,422,176.575541
-200.0,1,176.581121
-307.75092,391,176.818576
-200.0,1,176.822042
-253.73695,319,177.025607
-200.0,1,177.029525
-232.36833,278,177.212048
-200.0,1,177.216919
-311.6225,364,177.45814
-200.0,1,177.462743
-79.28104,1125,178.142418
-352.44638,449,178.415767
-200.0,1,178.421294
-443.13733,704,178.863754
-200.0,1,178.86769
-320.54218,625,179.259381
-200.0,1,179.263524
-545.667,1205,179.974171
-200.0,1,179.980247
-371.73483,707,180.441224
-200.0,1,180.445209
-210.15945,1287,181.249987
-247.46695,271,181.417954
-200.0,1,181.42513
-294.111,620,181.857551
-200.0,1,181.862438
-368.8911,703,182.285708
-200.0,1,182.28945
-342.9767,631,182.676113
-200.0,1,182.680282
-200.0,1,182.683996
-425.02338,718,183.116226
-200.0,1,183.120194
-249.7543,343,183.325909
-200.0,1,183.329573
-200.0,1,183.333066
-382.83966,696,183.779923
-200.0,1,183.784275
-327.99582,397,184.050387
-200.0,1,184.055273
-329.9606,539,184.408043
-200.0,1,184.41198
-239.76508,266,184.589222
-200.0,1,184.59551
-331.76636,672,185.019924
-200.0,1,185.025117
-289.0067,415,185.284125
-200.0,1,185.288657
-250.06044,320,185.480162
-200.0,1,185.485783
-259.94318,350,185.713792
-200.0,1,185.71955
-463.0399,719,186.171922
-200.0,1,186.175961
-456.96524,752,186.61764
-200.0,1,186.621631
-258.92633,390,186.858482
-200.0,1,186.863313
-200.0,1,186.866966
-692.0831,1479,187.779566
-200.0,1,187.783856
157.90768,358,188.030469
62.55391,1006,188.647136
-365.7348,724,189.123694
-200.0,1,189.127732
-236.64278,282,189.324474
-200.0,1,189.330309
114.120346,426,189.599681
-251.43893,320,189.794772
-200.0,1,189.799155
-31.789307,1043,190.454726
-239.11047,307,190.642297
-200.0,1,190.647979
-359.73212,740,191.111623
-200.0,1,191.118556
-383.44638,695,191.571969
-200.0,1,191.57606
-237.50897,257,191.761237
-200.0,1,191.766345
-384.39038,693,192.189367
-200.0,1,192.193351
-573.78894,1131,192.906655
-200.0,1,192.910712
-200.0,1,192.914401
-283.30704,346,193.127789
-200.0,1,193.131488
-200.0,1,193.134919
-346.40546,626,193.574024
-200.0,1,193.578566
-248.20413,351,193.789546
-200.0,1,193.794374
-419.93945,1113,194.508061
-200.0,1,194.512617
-254.22583,293,194.705187
-200.0,1,194.710472
-305.6418,735,195.150437
-200.0,1,195.154317
-458.91318,963,195.758312
-200.0,1,195.762586
-277.9755,338,195.987473
-200.0,1,195.993397
-450.61713,816,196.509083
-200.0,1,196.513298
-250.08032,281,196.691494
-200.0,1,196.696259
-261.63605,366,196.924553
-200.0,1,196.930175
193.3634,234,197.076366
-406.6101,724,197.527204
-200.0,1,197.531074
-258.05414,351,197.758042
-200.0,1,197.762021
-248.55963,306,197.954499
-200.0,1,197.959825
-418.4631,1000,198.554708
-200.0,1,198.558669
-327.3913,459,198.857419
-200.0,1,198.862154
-200.0,1,198.867158
-455.51318,870,199.405857
-200.0,1,199.409739
-243.21954,287,199.601159
-200.0,1,199.605923
-410.2812,1048,200.272619
-200.0,1,200.276522
-243.08688,322,200.474279
-200.0,1,200.478481
98.28056,577,200.822222
-271.0155,350,201.033051
146.09978,436,201.309305
-243.17722,292,201.502219
-200.0,1,201.508027
-387.23956,900,202.07324
-200.0,1,202.077742
-415.75085,1002,202.724932
-200.0,1,202.728877
-305.0399,601,203.133384
-200.0,1,203.137236
-473.25568,1036,203.813183
-200.0,1,203.817849
-246.11823,329,204.011397
-200.0,1,204.016514
-372.89825,582,204.350929
-200.0,1,204.354839
-200.0,1,204.358748
-236.06714,297,204.557766
-200.0,1,204.564232
-310.724,400,204.823826
-200.0,1,204.828393
-361.26648,635,205.245114
-200.0,1,205.248906
-291.05002,415,205.502855
-200.0,1,205.507357
23.82753,880,206.042017
-257.55786,326,206.27307
-200.0,1,206.279571
-274.40308,288,206.475834
-200.0,1,206.481968
-580.10455,1120,207.159611
-200.0,1,207.163453
-200.0,1,207.166822
-315.54517,665,207.622873
-200.0,1,207.627535
-400.969,607,208.043828
-200.0,1,208.047229
-200.0,1,208.050061
-242.43445,285,208.233714
-200.0,1,208.239137
-503.6842,785,208.731057
-200.0,1,208.735436
-200.0,1,208.739538
-403.15924,849,209.279987
-200.0,1,209.28436
-256.86743,331,209.512019
-200.0,1,209.516433
-253.3678,371,209.749543
-200.0,1,209.753341
-463.04236,1083,210.459391
-200.0,1,210.463498
-292.53717,316,210.673596
-200.0,1,210.677805
-408.4682,706,211.133697
-815.00415,1570,212.104284
-200.0,1,212.108074
-551.879,1050,212.770456
-200.0,1,212.774833
-463.90976,694,213.207981
-200.0,1,213.212011
-223.24754,287,213.388485
-200.0,1,213.392535
-292.54626,364,213.636651
-200.0,1,213.640512
-453.22058,1038,214.288535
-200.0,1,214.293526
156.09386,419,214.53929
-238.02594,260,214.711677
-200.0,1,214.71578
-277.187,335,214.930646
-200.0,1,214.934299
-359.16074,671,215.329657
-200.0,1,215.333864
-434.5819,781,215.812474
-200.0,1,215.816921
-325.25327,668,216.20204
-295.17722,403,216.4828
-200.0,1,216.486451
-648.73285,1323,217.310895
-200.0,1,217.31456
-293.8125,329,217.539307
-200.0,1,217.545656
-374.86874,943,218.132046
-200.0,1,218.137472
-452.1828,1083,218.811235
-200.0,1,218.814922
-456.9776,831,219.321779
-200.0,1,219.325543
89.08527,745,219.810895
-245.04453,296,219.989379
-200.0,1,219.993115
3.7050476,982,220.603916
-230.80655,291,220.793377
-200.0,1,220.797301
-291.9538,351,221.02434
-200.0,1,221.028005
-245.0268,321,221.225783
-200.0,1,221.230084
-300.43002,617,221.610999
-200.0,1,221.615322
-274.66284,361,221.845142
-200.0,1,221.849121
-277.4041,385,222.083989
-200.0,1,222.090564
-483.41125,807,222.638473
-200.0,1,222.642726
-320.05237,420,222.913201
-200.0,1,222.917394
-262.33655,299,223.12283
-200.0,1,223.126889
-362.59143,710,223.568731
-200.0,1,223.573698
-301.4547,606,223.978343
-200.0,1,223.98352
-321.01392,580,224.366327
-200.0,1,224.370023
-332.53403,617,224.763822
-200.0,1,224.767863
-412.07532,659,225.183945
-200.0,1,225.188895
-333.0007,497,225.505707
-200.0,1,225.509835
-314.2938,683,225.965752
-368.35257,481,226.289346
-200.0,1,226.293002
-200.0,1,226.296521
-322.84583,645,226.701076
-200.0,1,226.706085
-680.6033,1711,227.72718
-200.0,1,227.731764
-307.019,368,227.96152
-200.0,1,227.96607
-251.42776,296,228.154985
-200.0,1,228.158995
-375.51743,657,228.573937
-200.0,1,228.578181
-379.8084,489,228.877017
-200.0,1,228.880782
-322.45612,629,229.284748
-200.0,1,229.288637
-252.14908,327,229.526212
-200.0,1,229.531619
-307.27557,643,229.943211
-200.0,1,229.947343
-261.965,336,230.16123
-200.0,1,230.165032
-272.17352,378,230.404318
-200.0,1,230.409709
-636.3511,1345,231.261804
-312.36813,446,231.565782
-200.0,1,231.572031
41.923965,935,232.118479
-265.6223,311,232.319905
-200.0,1,232.325656
-755.5049,1568,233.325327
-200.0,1,233.329749
-265.88272,415,233.588754
-200.0,1,233.593937
-288.89905,507,233.888551
-200.0,1,233.892812
-244.15068,344,234.112912
-200.0,1,234.116582
-704.62854,1351,234.967671
-200.0,1,234.971456
-200.0,1,234.975633
-365.41577,806,235.470937
-200.0,1,235.474773
-200.0,1,235.478294
-434.10052,813,235.999058
-200.0,1,236.002748
-339.49506,663,236.427766
-351.12955,538,236.79271
-200.0,1,236.796795
-426.53613,719,237.255097
-200.0,1,237.259859
-395.01154,664,237.681033
-200.0,1,237.687273
-254.63077,344,237.895142
-200.0,1,237.901082
115.11998,391,238.157433
-617.6302,1191,238.914347
-200.0,1,238.919997
-233.68164,308,239.12212
-200.0,1,239.126701
166.35266,319,239.313367
-262.598,364,239.538664
-200.0,1,239.543283
-200.0,1,239.546661
-449.46936,734,240.005618
-200.0,1,240.010412
-200.0,1,240.014287
-298.0959,364,240.246912
-200.0,1,240.250842
-322.65887,427,240.508802
-200.0,1,240.512734
18.546783,727,240.951317
-306.12854,406,241.187101
-200.0,1,241.190611
-200.0,1,241.194104
-258.55994,386,241.445572
-244.0041,300,241.645473
-200.0,1,241.649606
-328.63843,687,242.072807
-200.0,1,242.077305
-259.97876,321,242.282454
-200.0,1,242.286564
-742.5419,1597,243.310543
-200.0,1,243.3147
-338.1361,764,243.788086
-200.0,1,243.792094
-282.93924,394,244.045253
-200.0,1,244.049761
-255.76883,331,244.276565
-200.0,1,244.280993
-524.13696,1100,244.964904
-200.0,1,244.968621
-443.69684,676,245.450978
-200.0,1,245.454822
173.16179,275,245.632807
53.392258,794,246.142193
-382.95935,752,246.605862
-200.0,1,246.609954
-592.1217,1416,247.489419
-200.0,1,247.493651
-67.87915,1118,248.160308
-388.583,606,248.538208
-200.0,1,248.542269
74.027504,741,248.995741
-240.28436,301,249.178202
-200.0,1,249.181798
-200.0,1,249.185454
-852.4123,1733,250.275483
-200.0,1,250.281175
-959.78937,1988,251.502844
-200.0,1,251.50713
-252.07442,305,251.713609
-200.0,1,251.718337
-284.23608,360,251.947632
-200.0,1,251.951669
-430.7166,1071,252.661125
-200.0,1,252.666436
-854.6572,1762,253.789581
-200.0,1,253.79418
-241.08757,292,253.991528
-200.0,1,253.996466
-565.09216,1479,254.935676
-200.0,1,254.940613
-349.87582,728,255.378953
-200.0,1,255.383563
-250.23111,293,255.580102
-1035.2616,2325,257.037316
-200.0,1,257.042158
-251.52988,439,257.299634
-200.0,1,257.303705
-200.0,1,257.307837
-340.9922,498,257.644018
-400.16794,880,258.186866
-200.0,1,258.191354
-263.27298,336,258.421447
-200.0,1,258.425375
-200.0,1,258.428738
-523.80457,1183,259.165143
-200.0,1,259.168639
-295.01926,373,259.409335
-200.0,1,259.41327
-416.01123,990,260.012688
-200.0,1,260.017375
-200.0,1,260.02122
147.15675,395,260.264182
-314.37234,620,260.640717
-200.0,1,260.644977
-240.22926,258,260.830122
-200.0,1,260.837266
-316.8189,661,261.255255
-200.0,1,261.258893
-409.93256,637,261.667226
-200.0,1,261.672881
-269.28885,296,261.871482
-453.97595,884,262.420094
-200.0,1,262.424169
-304.70767,431,262.727002
-200.0,1,262.732489
-416.29565,736,263.184502
-200.0,1,263.189139
-233.34314,294,263.379418
-200.0,1,263.383756
-1278.8486,3055,265.28272
-200.0,1,265.287261
-311.00702,719,265.724929
-200.0,1,265.728958
-200.0,1,265.732904
-331.26044,455,266.012885
-200.0,1,266.016961
-384.55548,709,266.479898
-200.0,1,266.485067
-936.69806,1937,267.670059
-200.0,1,267.673803
-330.66107,667,268.076768
-200.0,1,268.08039
-200.0,1,268.083944
-252.35005,325,268.283345
-200.0,1,268.28679
-200.0,1,268.290029
-748.1814,1501,269.167504
-200.0,1,269.172015
92.42789,568,269.508067
-715.0532,1448,270.390089
-200.0,1,270.394197
-200.0,1,270.398187
-404.6907,754,270.858787
-200.0,1,270.863389
141.32573,395,271.089443
-474.03305,1232,271.843894
-200.0,1,271.847964
-491.48077,864,272.3829
-200.0,1,272.38748
-486.28445,1126,273.082984
-200.0,1,273.087162
-256.22946,367,273.321926
-200.0,1,273.326063
-305.1162,387,273.576172
-200.0,1,273.580859
-328.09644,622,273.967449
-200.0,1,273.971711
-368.445,791,274.454212
-200.0,1,274.459385
-338.95093,635,274.864928
-200.0,1,274.870767
-434.00406,812,275.372039
-200.0,1,275.375569
-499.57742,1188,276.098326
-200.0,1,276.103056
-200.0,1,276.106857
-1039.1096,2554,277.727678
-200.0,1,277.733951
-337.91638,766,278.185393
-200.0,1,278.190448
-302.21802,635,278.595678
-200.0,1,278.59978
-275.88797,359,278.816965
-200.0,1,278.820502
-537.0687,961,279.429647
-200.0,1,279.433855
-527.4181,1149,280.170269
-200.0,1,280.174609
194.94849,271,280.341375
118.69406,690,280.792553
-526.3301,856,281.323962
-200.0,1,281.328187
-616.1254,1278,282.127606
-200.0,1,282.131773
140.1068,482,282.448013
90.5978,684,282.872235
-280.12204,293,283.07584
-200.0,1,283.079832
-278.71228,377,283.330686
-200.0,1,283.335373
-253.1958,309,283.520995
-200.0,1,283.524831
-200.0,1,283.528491
128.83493,560,283.899368
-467.5986,1063,284.609728
-200.0,1,284.613748
-258.6243,321,284.840707
-200.0,1,284.844384
-233.21222,325,285.070884
-200.0,1,285.075478
-829.22534,1757,286.13397
-200.0,1,286.138205
-200.0,1,286.141648
-927.6484,2080,287.473403
-200.0,1,287.479312
-519.5143,1009,288.115351
-200.0,1,288.119329
-200.0,1,288.122675
-245.52199,314,288.320693
-200.0,1,288.324771
-734.11633,1330,289.181847
-200.0,1,289.187207
-759.0063,1751,290.306754
-200.0,1,290.312583
-235.35892,255,290.505981
-200.0,1,290.511667
-310.7992,387,290.74421
-200.0,1,290.750055
-480.7686,1184,291.49703
-200.0,1,291.500528
-328.58148,763,291.950024
-200.0,1,291.953209
-200.0,1,291.956518
-200.0,1,291.960019
-315.7121,692,292.376859
-200.0,1,292.382631
-285.09302,336,292.583906
-200.0,1,292.587557
-380.021,730,293.014972
-200.0,1,293.020827
-278.4897,322,293.215604
-200.0,1,293.220277
-460.7196,811,293.706799
-254.00983,331,293.922884
-200.0,1,293.927688
174.93243,336,294.130827
-305.35254,350,294.342779
-200.0,1,294.346184
-200.0,1,294.349209
-257.7829,338,294.562218
-200.0,1,294.566278
-277.06946,388,294.808119
-200.0,1,294.811646
-200.0,1,294.815277
139.35419,433,295.112344
-175.9071,1295,295.874173
-491.21548,821,296.422152
-200.0,1,296.426374
-242.55832,308,296.638669
-200.0,1,296.643031
-730.9261,1470,297.605679
-200.0,1,297.609926
-491.375,1151,298.321032
-200.0,1,298.324659
-262.75684,329,298.527692
-200.0,1,298.531295
-326.3712,661,298.934091
-200.0,1,298.938156
-638.1022,1516,299.884079
-200.0,1,299.88809
115.221176,429,300.172229
-352.18726,726,300.597028
-200.0,1,300.601073
-369.9036,666,301.018043
-200.0,1,301.021954
-266.3208,328,301.242419
-200.0,1,301.247272
-422.25558,799,301.743933
-200.0,1,301.748074
-200.0,1,301.751511
-448.24884,977,302.366141
-200.0,1,302.372724
-713.9446,1472,303.28477
-200.0,1,303.288704
-299.75635,342,303.493541
-200.0,1,303.497481
-278.56653,319,303.691878
-200.0,1,303.696125
-451.17993,735,304.138662
-200.0,1,304.142199
-200.0,1,304.144981
-200.0,1,304.147825
-242.23138,338,304.340475
-200.0,1,304.344044
-273.37677,300,304.5288
-200.0,1,304.532408
-292.10333,343,304.754191
-200.0,1,304.758253
-391.59558,603,305.146872
-200.0,1,305.150968
-247.29861,309,305.354522
-271.2629,360,305.600255
-200.0,1,305.604198
-419.56458,809,306.149679
-200.0,1,306.154003
-811.5844,1794,307.284649
-200.0,1,307.288738
-200.0,1,307.293321
41.30664,677,307.698196
